roll_date,crossover_date,from_symbol,to_symbol,from_instrument_id,to_instrument_id
2016-01-19,2016-01-18,CLG6,CLH6,490640,238629
2016-02-19,2016-02-18,CLH6,CLJ6,238629,633738
2016-03-18,2016-03-17,CLJ6,CLK6,633738,354687
2016-04-19,2016-04-18,CLK6,CLM6,354687,253153
2016-05-19,2016-05-18,CLM6,CLN6,253153,733636
2016-06-20,2016-06-17,CLN6,CLQ6,733636,418919
2016-07-19,2016-07-18,CLQ6,CLU6,418919,140611
2016-08-19,2016-08-18,CLU6,CLV6,140611,526523
2016-09-19,2016-09-16,CLV6,CLX6,526523,252526
2016-10-19,2016-10-18,CLX6,CLZ6,252526,303804
2016-11-18,2016-11-17,CLZ6,CLF7,303804,784319
2016-12-19,2016-12-16,CLF7,CLG7,784319,468198
2017-01-19,2017-01-18,CLG7,CLH7,468198,461443
2017-02-17,2017-02-16,CLH7,CLJ7,461443,399575
2017-03-20,2017-03-17,CLJ7,CLK7,399575,591942
2017-04-19,2017-04-18,CLK7,CLM7,591942,58638
2017-05-19,2017-05-18,CLM7,CLN7,58638,530071
2017-06-19,2017-06-16,CLN7,CLQ7,530071,337704
2017-07-19,2017-07-18,CLQ7,CLU7,337704,16346
2017-08-21,2017-08-18,CLU7,CLV7,16346,722442
2017-09-19,2017-09-18,CLV7,CLX7,722442,660580
2017-10-19,2017-10-18,CLX7,CLZ7,660580,18179
2017-11-17,2017-11-16,CLZ7,CLF8,18179,800225
2017-12-18,2017-12-15,CLF8,CLG8,800225,253894
2018-01-19,2018-01-18,CLG8,CLH8,253894,669714
2018-02-16,2018-02-15,CLH8,CLJ8,669714,477338
2018-03-19,2018-03-16,CLJ8,CLK8,477338,545967
2018-04-19,2018-04-18,CLK8,CLM8,545967,45928
2018-05-21,2018-05-18,CLM8,CLN8,45928,353594
2018-06-19,2018-06-18,CLN8,CLQ8,353594,253896
2018-07-19,2018-07-18,CLQ8,CLU8,253896,738344
2018-08-20,2018-08-17,CLU8,CLV8,738344,820474
2018-09-19,2018-09-18,CLV8,CLX8,820474,305220
2018-10-19,2018-10-18,CLX8,CLZ8,305220,60391
2018-11-16,2018-11-15,CLZ8,CLF9,60391,110955
2018-12-18,2018-12-17,CLF9,CLG9,110955,303281
2019-01-18,2019-01-17,CLG9,CLH9,303281,79323
2019-02-18,2019-02-15,CLH9,CLJ9,79323,97456
2019-03-19,2019-03-18,CLJ9,CLK9,97456,694785
2019-04-18,2019-04-17,CLK9,CLM9,694785,551735
2019-05-20,2019-05-17,CLM9,CLN9,551735,117678
2019-06-19,2019-06-18,CLN9,CLQ9,117678,310036
2019-07-19,2019-07-18,CLQ9,CLU9,310036,371909
2019-08-19,2019-08-16,CLU9,CLV9,371909,82818
2019-09-19,2019-09-18,CLV9,CLX9,82818,405685
2019-10-21,2019-10-18,CLX9,CLZ9,405685,327892
2019-11-19,2019-11-18,CLZ9,CLF0,327892,173724
2019-12-18,2019-12-17,CLF0,CLG0,173724,750664
2020-01-17,2020-01-16,CLG0,CLH0,750664,558279
2020-02-18,2020-02-17,CLH0,CLJ0,558279,496408
2020-03-19,2020-03-18,CLJ0,CLK0,496408,22770
2020-04-17,2020-04-16,CLK0,CLM0,22770,653814
2020-05-08,2020-05-07,CLM0,CLN0,653814,105602
2020-06-18,2020-06-17,CLN0,CLQ0,105602,812534
2020-07-17,2020-07-16,CLQ0,CLU0,812534,489659
2020-08-19,2020-08-18,CLU0,CLV0,489659,297280
2020-09-21,2020-09-18,CLV0,CLX0,297280,235940
2020-10-19,2020-10-16,CLX0,CLZ0,235940,207193
2020-11-19,2020-11-18,CLZ0,CLF1,207193,66414
2020-12-18,2020-12-17,CLF1,CLG1,66414,362120
2021-01-18,2021-01-15,CLG1,CLH1,362120,169953
2021-02-19,2021-02-18,CLH1,CLJ1,169953,746868
2021-03-18,2021-03-17,CLJ1,CLK1,746868,554496
2021-04-19,2021-04-16,CLK1,CLM1,554496,253895
2021-05-19,2021-05-18,CLM1,CLN1,253895,492615
2021-06-21,2021-06-18,CLN1,CLQ1,492615,300251
2021-07-19,2021-07-16,CLQ1,CLU1,300251,773890
2021-08-19,2021-08-18,CLU1,CLV1,773890,581506
2021-09-20,2021-09-17,CLV1,CLX1,581506,183262
2021-10-19,2021-10-18,CLX1,CLZ1,183262,415463
2021-11-18,2021-11-17,CLZ1,CLF2,415463,459060
2021-12-17,2021-12-16,CLF2,CLG2,459060,135511
2022-01-18,2022-01-17,CLG2,CLH2,135511,237359
2022-02-18,2022-02-17,CLH2,CLJ2,237359,620966
2022-03-21,2022-03-18,CLJ2,CLK2,620966,133863
2022-04-19,2022-04-18,CLK2,CLM2,133863,351646
2022-05-19,2022-05-18,CLM2,CLN2,351646,428598
2022-06-17,2022-06-16,CLN2,CLQ2,428598,267259
2022-07-19,2022-07-18,CLQ2,CLU2,267259,660803
2022-08-19,2022-08-18,CLU2,CLV2,660803,437929
2022-09-19,2022-09-16,CLV2,CLX2,437929,248412
2022-10-19,2022-10-18,CLX2,CLZ2,248412,495655
2022-11-18,2022-11-17,CLZ2,CLF3,495655,93419
2022-12-19,2022-12-16,CLF3,CLG3,93419,255319
2023-01-19,2023-01-18,CLG3,CLH3,255319,701062
2023-02-17,2023-02-16,CLH3,CLJ3,701062,478168
2023-03-20,2023-03-17,CLJ3,CLK3,478168,285817
2023-04-19,2023-04-18,CLK3,CLM3,285817,43576
2023-05-19,2023-05-18,CLM3,CLN3,43576,679928
2023-06-16,2023-06-15,CLN3,CLQ3,679928,487604
2023-07-19,2023-07-18,CLQ3,CLU3,487604,264692
2023-08-21,2023-08-18,CLU3,CLV3,264692,72299
2023-09-19,2023-09-18,CLV3,CLX3,72299,710431
2023-10-18,2023-10-17,CLX3,CLZ3,710431,215236
2023-11-17,2023-11-16,CLZ3,CLF4,215236,78460
2023-12-18,2023-12-15,CLF4,CLG4,78460,686071
2024-01-19,2024-01-18,CLG4,CLH4,686071,463194
2024-02-16,2024-02-15,CLH4,CLJ4,463194,270851
2024-03-19,2024-03-18,CLJ4,CLK4,270851,109044
2024-04-18,2024-04-17,CLK4,CLM4,109044,320510
2024-05-20,2024-05-17,CLM4,CLN4,320510,200430
2024-06-18,2024-06-17,CLN4,CLQ4,200430,36956
2024-07-18,2024-07-17,CLQ4,CLU4,36956,585200
2024-08-16,2024-08-15,CLU4,CLV4,585200,392826
2024-09-19,2024-09-18,CLV4,CLX4,392826,230943
2024-10-21,2024-10-18,CLX4,CLZ4,230943,258644
2024-11-19,2024-11-18,CLZ4,CLF5,258644,38601
2024-12-18,2024-12-17,CLF5,CLG5,38601,615689
2025-01-17,2025-01-16,CLG5,CLH5,615689,37014
2025-02-18,2025-02-17,CLH5,CLJ5,37014,625061
2025-03-18,2025-03-17,CLJ5,CLK5,625061,423318
2025-04-17,2025-04-16,CLK5,CLM5,423318,134373
2025-05-19,2025-05-16,CLM5,CLN5,134373,402185
2025-06-17,2025-06-16,CLN5,CLQ5,402185,209884
2025-07-21,2025-07-18,CLQ5,CLU5,209884,48059
2025-08-19,2025-08-18,CLU5,CLV5,48059,655565
2025-09-19,2025-09-18,CLV5,CLX5,655565,432669
2025-10-17,2025-10-16,CLX5,CLZ5,432669,651434
2025-11-19,2025-11-18,CLZ5,CLF6,651434,240384
2025-12-17,2025-12-16,CLF6,CLG6,240384,383438
2026-01-16,2026-01-15,CLG6,CLH6,383438,191166
2026-02-18,2026-02-17,CLH6,CLJ6,191166,768197
2026-03-18,2026-03-17,CLJ6,CLK6,768197,169926
2026-04-17,2026-04-16,CLK6,CLM6,169926,670557
2026-05-18,2026-05-15,CLM6,CLN6,670557,777566
2026-06-18,2026-06-17,CLN6,CLQ6,777566,362315
